{
  "train_loss": [
    0.5731252416814256,
    0.5443224559700839,
    0.5363454257700278,
    0.5289536453421024,
    0.5221696396321841,
    0.5171434200371822,
    0.5133805101696648,
    0.4830472217573718,
    0.4655831995425052,
    0.4554018896421066,
    0.4533979097065794,
    0.44928798051603086,
    0.4419348157145327,
    0.44145487930172883,
    0.43455131964211463,
    0.4353367086911044,
    0.43247978332326015,
    0.43105090162798115,
    0.43207010172306226,
    0.43219303325750724,
    0.43056559091423463,
    0.4307714397456812,
    0.4331495191913921,
    0.43156789770609727,
    0.4276593286761956,
    0.4293333866673418,
    0.4278628119110435,
    0.4314026805536689,
    0.43049055269601527,
    0.4299826940564225
  ],
  "train_acc": [
    0.7778776063739617,
    0.7852517375826412,
    0.7866418036955417,
    0.78821834209188,
    0.7919816918121716,
    0.7914900830649263,
    0.7930327174097306,
    0.80383115782336,
    0.8074419393117478,
    0.8093066621461266,
    0.8116290896762164,
    0.8142566536701137,
    0.8136633327682659,
    0.8137311408713342,
    0.8165112730971352,
    0.8161213765044923,
    0.8157823359891507,
    0.8166638413290389,
    0.817765723003899,
    0.8174775385658587,
    0.8164434649940668,
    0.8165112730971352,
    0.8165790812002035,
    0.8165282251229022,
    0.8179013392100357,
    0.8166129852517376,
    0.8180200033904053,
    0.8177148669265978,
    0.8162400406848619,
    0.8175962027462282
  ],
  "val_loss": [
    0.49298035376942867,
    0.5042076043496357,
    0.49779066410667583,
    0.49916384469878966,
    0.5090650875636865,
    0.4915373279414738,
    0.4888521560914098,
    0.4665664178688076,
    0.4640103475382947,
    0.4661888603932477,
    0.46807012596936987,
    0.4668071142564573,
    0.46816710889014046,
    0.47052930627822576,
    0.47291736951667734,
    0.46809670681609733,
    0.47113833553155904,
    0.4693083527703311,
    0.4712099324101577,
    0.4710513999854682,
    0.47077657107037735,
    0.4709450549665853,
    0.46974115387643944,
    0.47030326271558903,
    0.4719145424579723,
    0.47146164606960433,
    0.47398861323799624,
    0.47254095229650567,
    0.4686875653678136,
    0.471101855692187
  ],
  "val_acc": [
    0.7967402484373763,
    0.7906479943033468,
    0.7916765566896116,
    0.7924677585251998,
    0.7885117493472585,
    0.793258960360788,
    0.7976105704565235,
    0.803307223672759,
    0.7990347337605823,
    0.8006171374317589,
    0.7976105704565235,
    0.7992720943112588,
    0.796898488804494,
    0.7980061713743176,
    0.7974523300894059,
    0.7944457631141705,
    0.7953952053168764,
    0.7957908062346705,
    0.7929424796265527,
    0.7953952053168764,
    0.7935754410950233,
    0.7931798401772292,
    0.7961072869689058,
    0.7944457631141705,
    0.7945248832977293,
    0.7941292823799351,
    0.7962655273360234,
    0.7957908062346705,
    0.7962655273360234,
    0.7942084025634939
  ],
  "best_epoch": 7,
  "best_acc": 0.803307223672759
}